,SMAPE,MAE,RMSE,R2
Baseline LGBM (TFIDF+IPQ),51.67822832577612,11.713466664752271,34.24527256360811,0.22294259573895026
Main Multimodal (PyTorch),52.550162906644395,11.99126183283027,32.960708170670074,0.2801451802404338
