,SMAPE,MAE,RMSE,R2
Baseline LGBM (TFIDF+IPQ),51.67822832577612,11.713466664752273,34.24527256360811,0.22294259573895026
